{
    "loss": 1.8098684549331665,
    "accuracy": 0.6129032373428345
}